Session_ID,User_ID,Tool_Used,Material_Type,Material_Color,Material_Texture,Time_Taken_Min,Design_Score,Label
S0000,U051,FillTool,Plastic,Blue,Smooth,80,6.17,Moderate
S0001,U092,ShapeTool,Plastic,Red,Glossy,22,9.18,Good
S0002,U014,Eraser,Metal,Blue,Glossy,22,4.66,Poor
S0003,U071,Eraser,Wood,Red,Rough,40,9.55,Good
S0004,U060,PenTool,Glass,Red,Rough,11,7.79,Moderate
S0005,U020,Eraser,Glass,Blue,Smooth,25,4.33,Poor
S0006,U082,ShapeTool,Metal,Green,Smooth,18,7.87,Moderate
S0007,U086,FillTool,Wood,Red,Matte,82,9.85,Good
S0008,U074,PenTool,Glass,Red,Glossy,47,4.42,Poor
S0009,U074,PenTool,Plastic,Red,Rough,84,7.33,Moderate
S0010,U087,FillTool,Glass,Green,Smooth,63,8.49,Good
S0011,U099,Eraser,Plastic,Green,Matte,65,8.86,Good
S0012,U023,FillTool,Metal,Yellow,Matte,54,6.48,Moderate
S0013,U002,Eraser,Plastic,Blue,Rough,43,5.22,Poor
S0014,U021,FillTool,Glass,Green,Rough,18,4.25,Poor
S0015,U052,ShapeTool,Glass,Blue,Matte,17,7.48,Moderate
S0016,U001,Eraser,Glass,Yellow,Smooth,16,6.72,Moderate
S0017,U087,ShapeTool,Metal,Blue,Matte,45,9.69,Good
S0018,U029,PenTool,Metal,Green,Glossy,27,4.36,Poor
S0019,U037,FillTool,Wood,Blue,Glossy,12,8.11,Good
S0020,U001,PenTool,Glass,Green,Rough,37,4.15,Poor
S0021,U063,PenTool,Plastic,Blue,Smooth,79,5.03,Poor
S0022,U059,PenTool,Metal,Green,Smooth,53,6.72,Moderate
S0023,U020,PenTool,Glass,Green,Glossy,30,6.73,Moderate
S0024,U032,FillTool,Glass,Blue,Matte,37,8.11,Good
S0025,U075,PenTool,Metal,Yellow,Rough,63,9.46,Good
S0026,U057,FillTool,Wood,Red,Matte,63,7.83,Moderate
S0027,U021,FillTool,Metal,Yellow,Matte,74,9.72,Good
S0028,U088,ShapeTool,Metal,Blue,Matte,30,9.29,Good
S0029,U048,Eraser,Plastic,Yellow,Smooth,22,7.51,Moderate
S0030,U090,Eraser,Plastic,Green,Glossy,66,9.0,Good
S0031,U058,FillTool,Wood,Red,Smooth,58,7.86,Moderate
S0032,U041,ShapeTool,Glass,Blue,Glossy,63,4.47,Poor
S0033,U091,FillTool,Metal,Blue,Rough,19,8.44,Good
S0034,U059,FillTool,Wood,Blue,Rough,62,4.57,Poor
S0035,U079,FillTool,Plastic,Red,Matte,53,7.56,Moderate
S0036,U014,ShapeTool,Metal,Green,Glossy,56,8.22,Good
S0037,U061,Eraser,Glass,Blue,Glossy,62,4.4,Poor
S0038,U061,ShapeTool,Plastic,Yellow,Glossy,83,5.38,Poor
S0039,U046,PenTool,Plastic,Blue,Matte,55,9.49,Good
S0040,U061,ShapeTool,Plastic,Blue,Matte,22,7.7,Moderate
S0041,U050,ShapeTool,Wood,Blue,Rough,46,5.48,Poor
S0042,U054,ShapeTool,Glass,Blue,Smooth,33,8.14,Good
S0043,U063,ShapeTool,Metal,Green,Glossy,11,7.58,Moderate
S0044,U002,Eraser,Wood,Yellow,Glossy,23,7.01,Moderate
S0045,U050,PenTool,Wood,Green,Smooth,19,9.86,Good
S0046,U006,Eraser,Wood,Yellow,Glossy,44,8.1,Good
S0047,U020,Eraser,Plastic,Blue,Matte,34,6.25,Moderate
S0048,U072,ShapeTool,Glass,Red,Matte,12,8.8,Good
S0049,U038,FillTool,Wood,Green,Glossy,26,9.31,Good
S0050,U017,FillTool,Metal,Red,Matte,21,4.75,Poor
S0051,U003,Eraser,Glass,Green,Matte,63,5.2,Poor
S0052,U088,Eraser,Metal,Blue,Glossy,33,5.3,Poor
S0053,U059,ShapeTool,Glass,Green,Rough,38,8.15,Good
S0054,U013,Eraser,Metal,Blue,Smooth,52,7.62,Moderate
S0055,U008,ShapeTool,Plastic,Green,Matte,34,7.71,Moderate
S0056,U089,FillTool,Wood,Blue,Rough,69,9.64,Good
S0057,U052,FillTool,Metal,Blue,Matte,74,8.66,Good
S0058,U001,PenTool,Glass,Yellow,Matte,37,4.77,Poor
S0059,U083,FillTool,Wood,Blue,Smooth,25,6.09,Moderate
S0060,U091,Eraser,Wood,Yellow,Matte,56,6.61,Moderate
S0061,U059,FillTool,Glass,Blue,Smooth,67,6.38,Moderate
S0062,U070,ShapeTool,Metal,Red,Smooth,85,8.02,Good
S0063,U043,FillTool,Plastic,Blue,Smooth,36,9.35,Good
S0064,U007,PenTool,Plastic,Red,Rough,62,5.84,Poor
S0065,U046,FillTool,Metal,Red,Glossy,51,7.31,Moderate
S0066,U034,ShapeTool,Wood,Blue,Rough,68,8.74,Good
S0067,U077,ShapeTool,Wood,Red,Glossy,56,6.5,Moderate
S0068,U080,Eraser,Wood,Yellow,Glossy,43,5.01,Poor
S0069,U035,FillTool,Wood,Green,Smooth,46,6.85,Moderate
S0070,U049,ShapeTool,Metal,Blue,Matte,15,4.33,Poor
S0071,U003,PenTool,Wood,Red,Smooth,16,9.65,Good
S0072,U001,Eraser,Glass,Blue,Matte,34,4.45,Poor
S0073,U005,PenTool,Wood,Yellow,Glossy,42,6.63,Moderate
S0074,U053,FillTool,Plastic,Blue,Smooth,64,7.18,Moderate
S0075,U003,FillTool,Wood,Blue,Matte,67,9.91,Good
S0076,U053,FillTool,Metal,Red,Rough,16,5.0,Poor
S0077,U092,Eraser,Plastic,Yellow,Matte,66,4.69,Poor
S0078,U062,ShapeTool,Metal,Green,Smooth,21,4.05,Poor
S0079,U017,Eraser,Metal,Green,Rough,25,4.93,Poor
S0080,U089,PenTool,Plastic,Red,Matte,89,5.24,Poor
S0081,U043,Eraser,Metal,Blue,Matte,52,7.78,Moderate
S0082,U033,PenTool,Metal,Red,Matte,86,5.32,Poor
S0083,U073,Eraser,Wood,Red,Matte,16,4.12,Poor
S0084,U061,ShapeTool,Glass,Red,Matte,60,8.96,Good
S0085,U099,PenTool,Metal,Blue,Rough,82,6.19,Moderate
S0086,U013,FillTool,Metal,Yellow,Glossy,41,6.12,Moderate
S0087,U094,FillTool,Metal,Red,Rough,84,5.81,Poor
S0088,U047,Eraser,Wood,Blue,Rough,17,9.85,Good
S0089,U014,FillTool,Glass,Yellow,Rough,81,5.02,Poor
S0090,U071,PenTool,Plastic,Red,Glossy,54,9.39,Good
S0091,U077,FillTool,Wood,Green,Smooth,68,8.66,Good
S0092,U086,ShapeTool,Wood,Yellow,Glossy,13,4.46,Poor
S0093,U061,ShapeTool,Glass,Red,Rough,76,9.92,Good
S0094,U039,Eraser,Glass,Yellow,Matte,38,5.63,Poor
S0095,U084,PenTool,Wood,Yellow,Matte,38,4.59,Poor
S0096,U079,ShapeTool,Plastic,Yellow,Rough,37,8.98,Good
S0097,U081,ShapeTool,Wood,Yellow,Matte,86,8.24,Good
S0098,U052,PenTool,Glass,Yellow,Rough,88,7.7,Moderate
S0099,U023,FillTool,Plastic,Yellow,Matte,53,4.94,Poor
S0100,U025,FillTool,Glass,Red,Glossy,13,6.87,Moderate
S0101,U088,Eraser,Plastic,Green,Smooth,18,8.68,Good
S0102,U059,FillTool,Metal,Blue,Smooth,14,5.82,Poor
S0103,U040,PenTool,Glass,Yellow,Glossy,65,5.87,Poor
S0104,U028,ShapeTool,Glass,Blue,Glossy,59,4.02,Poor
S0105,U014,FillTool,Wood,Red,Rough,84,5.05,Poor
S0106,U044,Eraser,Glass,Yellow,Rough,24,9.25,Good
S0107,U064,FillTool,Glass,Green,Rough,41,6.65,Moderate
S0108,U088,PenTool,Metal,Blue,Matte,37,9.91,Good
S0109,U070,Eraser,Glass,Yellow,Rough,31,6.37,Moderate
S0110,U008,FillTool,Metal,Red,Glossy,26,8.29,Good
S0111,U087,Eraser,Metal,Green,Smooth,68,5.69,Poor
S0112,U000,PenTool,Metal,Blue,Matte,80,6.18,Moderate
S0113,U007,ShapeTool,Metal,Blue,Rough,66,5.14,Poor
S0114,U087,PenTool,Plastic,Yellow,Matte,35,6.08,Moderate
S0115,U062,PenTool,Wood,Green,Matte,34,7.28,Moderate
S0116,U010,PenTool,Plastic,Green,Rough,19,9.95,Good
S0117,U080,PenTool,Glass,Green,Matte,54,7.99,Moderate
S0118,U007,ShapeTool,Plastic,Green,Smooth,20,5.2,Poor
S0119,U034,ShapeTool,Plastic,Red,Glossy,86,4.27,Poor
S0120,U034,Eraser,Glass,Green,Glossy,62,4.76,Poor
S0121,U032,FillTool,Glass,Blue,Smooth,81,7.38,Moderate
S0122,U004,ShapeTool,Glass,Blue,Matte,77,8.59,Good
S0123,U040,ShapeTool,Plastic,Red,Rough,37,9.64,Good
S0124,U027,FillTool,Plastic,Blue,Matte,84,4.09,Poor
S0125,U006,ShapeTool,Glass,Blue,Smooth,74,7.14,Moderate
S0126,U072,PenTool,Wood,Green,Matte,58,6.83,Moderate
S0127,U071,PenTool,Wood,Blue,Glossy,56,7.94,Moderate
S0128,U011,FillTool,Metal,Red,Matte,61,7.36,Moderate
S0129,U033,Eraser,Glass,Green,Smooth,63,8.12,Good
S0130,U032,Eraser,Metal,Yellow,Glossy,69,7.95,Moderate
S0131,U047,FillTool,Wood,Green,Matte,66,4.7,Poor
S0132,U022,FillTool,Metal,Red,Matte,56,8.8,Good
S0133,U061,PenTool,Glass,Green,Glossy,40,4.74,Poor
S0134,U087,Eraser,Glass,Green,Rough,55,8.19,Good
S0135,U036,ShapeTool,Glass,Red,Glossy,35,6.5,Moderate
S0136,U098,PenTool,Plastic,Green,Rough,14,7.08,Moderate
S0137,U043,FillTool,Metal,Red,Smooth,61,9.42,Good
S0138,U085,Eraser,Wood,Red,Smooth,84,9.34,Good
S0139,U090,ShapeTool,Wood,Yellow,Glossy,63,8.91,Good
S0140,U034,ShapeTool,Wood,Blue,Glossy,42,7.06,Moderate
S0141,U064,PenTool,Plastic,Blue,Smooth,59,8.42,Good
S0142,U098,Eraser,Plastic,Green,Rough,47,7.08,Moderate
S0143,U046,Eraser,Glass,Green,Smooth,36,9.22,Good
S0144,U077,FillTool,Wood,Yellow,Glossy,24,6.42,Moderate
S0145,U002,Eraser,Plastic,Yellow,Smooth,70,9.82,Good
S0146,U000,Eraser,Glass,Yellow,Glossy,30,9.59,Good
S0147,U004,PenTool,Wood,Red,Glossy,55,8.45,Good
S0148,U089,Eraser,Metal,Yellow,Smooth,78,5.68,Poor
S0149,U013,ShapeTool,Glass,Yellow,Rough,15,4.79,Poor
S0150,U026,PenTool,Plastic,Green,Matte,47,9.13,Good
S0151,U008,PenTool,Plastic,Yellow,Smooth,71,4.99,Poor
S0152,U078,FillTool,Glass,Red,Matte,71,9.13,Good
S0153,U014,Eraser,Glass,Red,Smooth,87,6.94,Moderate
S0154,U089,FillTool,Plastic,Green,Matte,83,6.44,Moderate
S0155,U041,ShapeTool,Metal,Yellow,Rough,55,9.42,Good
S0156,U076,PenTool,Wood,Yellow,Rough,22,7.62,Moderate
S0157,U050,PenTool,Metal,Red,Smooth,12,7.46,Moderate
S0158,U062,PenTool,Glass,Yellow,Glossy,15,7.35,Moderate
S0159,U095,ShapeTool,Metal,Yellow,Matte,17,6.23,Moderate
S0160,U051,ShapeTool,Plastic,Yellow,Glossy,53,8.71,Good
S0161,U095,FillTool,Glass,Blue,Glossy,42,5.52,Poor
S0162,U003,FillTool,Wood,Green,Glossy,84,9.63,Good
S0163,U093,FillTool,Plastic,Blue,Rough,86,9.36,Good
S0164,U022,Eraser,Plastic,Green,Smooth,59,6.02,Moderate
S0165,U014,PenTool,Wood,Red,Smooth,20,8.38,Good
S0166,U042,PenTool,Wood,Yellow,Rough,37,7.44,Moderate
S0167,U028,FillTool,Metal,Green,Rough,79,6.03,Moderate
S0168,U035,PenTool,Glass,Blue,Smooth,50,9.93,Good
S0169,U012,FillTool,Wood,Yellow,Glossy,25,4.15,Poor
S0170,U031,Eraser,Wood,Red,Matte,77,5.52,Poor
S0171,U070,Eraser,Glass,Green,Matte,57,7.12,Moderate
S0172,U058,ShapeTool,Wood,Green,Matte,65,7.13,Moderate
S0173,U085,Eraser,Wood,Green,Glossy,73,7.53,Moderate
S0174,U027,FillTool,Metal,Yellow,Smooth,68,8.51,Good
S0175,U065,Eraser,Plastic,Blue,Rough,71,7.74,Moderate
S0176,U041,ShapeTool,Plastic,Blue,Smooth,85,7.6,Moderate
S0177,U044,PenTool,Plastic,Green,Glossy,20,4.32,Poor
S0178,U061,FillTool,Plastic,Red,Rough,27,6.26,Moderate
S0179,U056,PenTool,Wood,Red,Glossy,28,5.39,Poor
S0180,U005,ShapeTool,Glass,Blue,Matte,64,5.59,Poor
S0181,U027,ShapeTool,Glass,Red,Matte,35,7.33,Moderate
S0182,U027,ShapeTool,Metal,Blue,Glossy,15,5.2,Poor
S0183,U043,PenTool,Metal,Green,Rough,13,5.76,Poor
S0184,U083,PenTool,Wood,Blue,Rough,38,5.42,Poor
S0185,U029,PenTool,Glass,Blue,Smooth,68,9.69,Good
S0186,U061,PenTool,Glass,Green,Matte,26,9.67,Good
S0187,U074,ShapeTool,Plastic,Red,Smooth,52,7.66,Moderate
S0188,U091,ShapeTool,Wood,Blue,Smooth,89,9.55,Good
S0189,U088,FillTool,Wood,Blue,Glossy,75,8.71,Good
S0190,U061,FillTool,Plastic,Green,Glossy,43,7.54,Moderate
S0191,U096,PenTool,Wood,Red,Smooth,17,4.04,Poor
S0192,U000,Eraser,Wood,Blue,Matte,22,8.64,Good
S0193,U026,Eraser,Metal,Green,Glossy,17,8.21,Good
S0194,U061,ShapeTool,Glass,Blue,Smooth,74,7.69,Moderate
S0195,U076,ShapeTool,Wood,Yellow,Smooth,52,8.56,Good
S0196,U002,ShapeTool,Metal,Green,Smooth,48,7.08,Moderate
S0197,U069,FillTool,Glass,Red,Smooth,68,8.22,Good
S0198,U071,FillTool,Plastic,Red,Smooth,53,9.61,Good
S0199,U026,ShapeTool,Metal,Red,Smooth,18,6.25,Moderate
S0200,U008,ShapeTool,Metal,Red,Glossy,46,8.25,Good
S0201,U061,ShapeTool,Glass,Blue,Matte,83,6.85,Moderate
S0202,U036,Eraser,Plastic,Blue,Smooth,45,8.05,Good
S0203,U096,FillTool,Metal,Red,Rough,37,8.58,Good
S0204,U050,Eraser,Wood,Red,Glossy,51,4.27,Poor
S0205,U043,Eraser,Wood,Red,Glossy,52,7.88,Moderate
S0206,U023,ShapeTool,Wood,Blue,Smooth,51,5.36,Poor
S0207,U078,ShapeTool,Plastic,Red,Glossy,75,8.02,Good
S0208,U058,PenTool,Metal,Red,Smooth,64,6.81,Moderate
S0209,U031,PenTool,Wood,Yellow,Matte,81,8.64,Good
S0210,U095,Eraser,Plastic,Yellow,Matte,57,4.74,Poor
S0211,U087,FillTool,Wood,Red,Glossy,31,7.76,Moderate
S0212,U051,ShapeTool,Glass,Green,Glossy,36,5.67,Poor
S0213,U061,ShapeTool,Metal,Red,Rough,76,9.12,Good
S0214,U057,Eraser,Metal,Yellow,Glossy,22,9.57,Good
S0215,U051,PenTool,Plastic,Green,Rough,54,9.98,Good
S0216,U011,FillTool,Plastic,Green,Matte,19,8.78,Good
S0217,U038,PenTool,Metal,Red,Matte,18,8.52,Good
S0218,U001,PenTool,Wood,Yellow,Smooth,63,5.29,Poor
S0219,U002,PenTool,Wood,Yellow,Matte,36,6.02,Moderate
S0220,U055,PenTool,Glass,Green,Rough,43,6.79,Moderate
S0221,U080,ShapeTool,Wood,Red,Glossy,10,8.64,Good
S0222,U058,ShapeTool,Plastic,Blue,Smooth,41,9.49,Good
S0223,U001,PenTool,Plastic,Blue,Rough,80,5.13,Poor
S0224,U001,FillTool,Wood,Yellow,Glossy,76,9.53,Good
S0225,U091,Eraser,Plastic,Blue,Smooth,29,8.17,Good
S0226,U053,FillTool,Metal,Yellow,Matte,44,7.66,Moderate
S0227,U086,FillTool,Metal,Yellow,Rough,87,5.2,Poor
S0228,U095,FillTool,Wood,Yellow,Glossy,26,4.33,Poor
S0229,U096,PenTool,Metal,Blue,Smooth,27,7.41,Moderate
S0230,U000,ShapeTool,Metal,Yellow,Smooth,54,7.91,Moderate
S0231,U018,FillTool,Glass,Green,Matte,62,5.26,Poor
S0232,U001,PenTool,Glass,Red,Glossy,77,7.34,Moderate
S0233,U052,FillTool,Metal,Red,Matte,74,9.14,Good
S0234,U043,FillTool,Wood,Yellow,Matte,10,9.01,Good
S0235,U089,PenTool,Glass,Red,Glossy,67,9.56,Good
S0236,U031,ShapeTool,Plastic,Blue,Glossy,35,6.2,Moderate
S0237,U069,ShapeTool,Plastic,Blue,Glossy,29,5.91,Poor
S0238,U031,Eraser,Plastic,Red,Rough,19,8.5,Good
S0239,U067,PenTool,Wood,Blue,Glossy,68,6.59,Moderate
S0240,U054,Eraser,Metal,Red,Smooth,84,4.53,Poor
S0241,U074,Eraser,Plastic,Red,Matte,50,5.7,Poor
S0242,U055,Eraser,Wood,Red,Rough,14,6.51,Moderate
S0243,U016,ShapeTool,Glass,Yellow,Glossy,74,5.76,Poor
S0244,U037,PenTool,Metal,Red,Rough,26,5.99,Poor
S0245,U023,Eraser,Glass,Yellow,Glossy,31,5.76,Poor
S0246,U068,PenTool,Wood,Red,Rough,50,4.25,Poor
S0247,U097,PenTool,Plastic,Red,Matte,77,7.82,Moderate
S0248,U069,ShapeTool,Plastic,Red,Matte,78,7.58,Moderate
S0249,U085,Eraser,Wood,Blue,Smooth,20,7.92,Moderate
S0250,U010,Eraser,Plastic,Yellow,Smooth,65,5.15,Poor
S0251,U015,PenTool,Metal,Yellow,Glossy,60,5.77,Poor
S0252,U096,FillTool,Wood,Red,Matte,30,7.72,Moderate
S0253,U072,ShapeTool,Glass,Red,Rough,85,7.6,Moderate
S0254,U058,ShapeTool,Wood,Blue,Rough,35,7.04,Moderate
S0255,U069,ShapeTool,Metal,Blue,Rough,28,6.1,Moderate
S0256,U079,ShapeTool,Metal,Blue,Smooth,69,9.48,Good
S0257,U092,Eraser,Wood,Yellow,Rough,80,6.04,Moderate
S0258,U002,Eraser,Wood,Yellow,Smooth,56,6.73,Moderate
S0259,U019,FillTool,Plastic,Yellow,Smooth,80,8.07,Good
S0260,U058,ShapeTool,Metal,Red,Glossy,35,7.26,Moderate
S0261,U035,ShapeTool,Wood,Yellow,Rough,49,6.08,Moderate
S0262,U018,PenTool,Wood,Green,Rough,14,6.61,Moderate
S0263,U089,Eraser,Metal,Green,Matte,30,8.77,Good
S0264,U066,ShapeTool,Wood,Blue,Glossy,87,5.67,Poor
S0265,U018,FillTool,Plastic,Yellow,Matte,13,4.85,Poor
S0266,U019,FillTool,Metal,Green,Glossy,32,5.88,Poor
S0267,U095,Eraser,Plastic,Blue,Rough,24,9.1,Good
S0268,U070,FillTool,Plastic,Yellow,Smooth,17,4.53,Poor
S0269,U051,FillTool,Plastic,Red,Smooth,50,9.95,Good
S0270,U032,Eraser,Plastic,Green,Smooth,28,7.25,Moderate
S0271,U039,ShapeTool,Metal,Red,Smooth,55,9.91,Good
S0272,U038,ShapeTool,Plastic,Yellow,Smooth,37,9.63,Good
S0273,U081,FillTool,Plastic,Green,Matte,77,6.72,Moderate
S0274,U000,FillTool,Wood,Yellow,Glossy,24,5.19,Poor
S0275,U010,ShapeTool,Metal,Red,Rough,46,4.99,Poor
S0276,U091,Eraser,Metal,Green,Matte,10,5.44,Poor
S0277,U056,FillTool,Glass,Red,Glossy,76,8.26,Good
S0278,U088,PenTool,Metal,Yellow,Smooth,33,5.64,Poor
S0279,U049,Eraser,Metal,Yellow,Glossy,36,6.05,Moderate
S0280,U022,FillTool,Glass,Red,Glossy,49,6.69,Moderate
S0281,U030,FillTool,Metal,Green,Smooth,72,9.48,Good
S0282,U093,PenTool,Metal,Red,Smooth,70,5.14,Poor
S0283,U041,PenTool,Metal,Yellow,Smooth,45,4.03,Poor
S0284,U098,ShapeTool,Metal,Red,Rough,33,4.36,Poor
S0285,U006,Eraser,Glass,Yellow,Smooth,33,9.43,Good
S0286,U015,Eraser,Metal,Red,Rough,13,7.89,Moderate
S0287,U089,ShapeTool,Metal,Green,Smooth,76,5.64,Poor
S0288,U059,Eraser,Glass,Green,Rough,43,5.06,Poor
S0289,U001,Eraser,Wood,Red,Glossy,66,5.77,Poor
S0290,U000,Eraser,Plastic,Red,Matte,58,4.69,Poor
S0291,U047,Eraser,Wood,Green,Glossy,62,9.65,Good
S0292,U011,Eraser,Glass,Yellow,Glossy,32,8.71,Good
S0293,U068,PenTool,Plastic,Green,Smooth,78,6.77,Moderate
S0294,U036,Eraser,Glass,Yellow,Rough,62,9.19,Good
S0295,U031,PenTool,Glass,Red,Matte,71,5.5,Poor
S0296,U008,Eraser,Metal,Red,Smooth,50,8.3,Good
S0297,U098,ShapeTool,Plastic,Yellow,Smooth,66,9.14,Good
S0298,U018,FillTool,Metal,Red,Smooth,69,6.14,Moderate
S0299,U047,PenTool,Plastic,Yellow,Glossy,63,8.54,Good
S0300,U079,Eraser,Glass,Blue,Rough,79,5.77,Poor
S0301,U002,ShapeTool,Glass,Green,Rough,66,5.79,Poor
S0302,U019,FillTool,Wood,Blue,Matte,19,4.64,Poor
S0303,U023,PenTool,Plastic,Yellow,Rough,49,6.64,Moderate
S0304,U053,FillTool,Metal,Green,Rough,16,8.38,Good
S0305,U032,ShapeTool,Wood,Yellow,Smooth,47,9.64,Good
S0306,U023,PenTool,Wood,Green,Smooth,70,7.62,Moderate
S0307,U074,FillTool,Wood,Green,Glossy,12,9.18,Good
S0308,U071,Eraser,Metal,Green,Smooth,60,8.93,Good
S0309,U035,PenTool,Wood,Green,Smooth,56,5.04,Poor
S0310,U037,FillTool,Metal,Yellow,Smooth,77,6.91,Moderate
S0311,U083,ShapeTool,Wood,Green,Smooth,85,4.7,Poor
S0312,U098,ShapeTool,Metal,Green,Glossy,47,8.09,Good
S0313,U088,PenTool,Glass,Blue,Smooth,45,9.7,Good
S0314,U098,FillTool,Glass,Red,Matte,50,4.82,Poor
S0315,U024,PenTool,Glass,Red,Matte,78,8.4,Good
S0316,U092,PenTool,Glass,Blue,Matte,22,7.79,Moderate
S0317,U017,FillTool,Glass,Blue,Matte,67,7.5,Moderate
S0318,U081,FillTool,Wood,Yellow,Smooth,59,6.34,Moderate
S0319,U065,Eraser,Wood,Yellow,Matte,39,6.13,Moderate
S0320,U053,FillTool,Wood,Yellow,Smooth,71,4.27,Poor
S0321,U034,ShapeTool,Metal,Blue,Glossy,34,5.31,Poor
S0322,U079,PenTool,Metal,Blue,Matte,36,4.09,Poor
S0323,U060,PenTool,Metal,Green,Rough,60,7.49,Moderate
S0324,U040,ShapeTool,Metal,Yellow,Matte,87,4.64,Poor
S0325,U099,FillTool,Glass,Yellow,Matte,66,9.24,Good
S0326,U032,ShapeTool,Glass,Yellow,Smooth,56,7.14,Moderate
S0327,U067,ShapeTool,Glass,Red,Matte,48,8.2,Good
S0328,U032,Eraser,Plastic,Green,Rough,25,6.47,Moderate
S0329,U013,ShapeTool,Wood,Yellow,Smooth,31,7.36,Moderate
S0330,U020,PenTool,Metal,Yellow,Smooth,63,9.66,Good
S0331,U047,ShapeTool,Metal,Yellow,Glossy,30,4.5,Poor
S0332,U019,PenTool,Glass,Red,Glossy,81,5.52,Poor
S0333,U007,PenTool,Metal,Red,Matte,25,8.68,Good
S0334,U006,PenTool,Metal,Blue,Glossy,68,4.59,Poor
S0335,U066,FillTool,Wood,Green,Glossy,40,4.45,Poor
S0336,U016,Eraser,Glass,Blue,Glossy,51,6.17,Moderate
S0337,U032,PenTool,Wood,Green,Smooth,83,4.55,Poor
S0338,U047,PenTool,Plastic,Red,Smooth,41,7.51,Moderate
S0339,U075,FillTool,Plastic,Yellow,Smooth,68,5.36,Poor
S0340,U058,PenTool,Plastic,Blue,Glossy,43,9.37,Good
S0341,U085,ShapeTool,Glass,Yellow,Smooth,18,8.7,Good
S0342,U021,ShapeTool,Metal,Blue,Glossy,20,8.2,Good
S0343,U029,Eraser,Glass,Red,Smooth,19,7.7,Moderate
S0344,U037,PenTool,Glass,Red,Smooth,26,9.18,Good
S0345,U050,FillTool,Metal,Red,Rough,77,5.34,Poor
S0346,U053,ShapeTool,Wood,Blue,Matte,57,9.24,Good
S0347,U007,FillTool,Plastic,Green,Glossy,61,8.74,Good
S0348,U026,FillTool,Wood,Blue,Rough,34,8.49,Good
S0349,U026,ShapeTool,Plastic,Green,Smooth,30,7.37,Moderate
S0350,U097,FillTool,Glass,Blue,Glossy,74,5.48,Poor
S0351,U020,ShapeTool,Plastic,Blue,Smooth,72,6.54,Moderate
S0352,U029,FillTool,Glass,Red,Matte,60,8.76,Good
S0353,U096,ShapeTool,Wood,Yellow,Rough,45,4.19,Poor
S0354,U027,PenTool,Glass,Yellow,Matte,75,8.69,Good
S0355,U063,Eraser,Wood,Green,Rough,24,5.44,Poor
S0356,U096,ShapeTool,Metal,Yellow,Smooth,48,4.87,Poor
S0357,U068,ShapeTool,Metal,Blue,Matte,79,4.69,Poor
S0358,U060,Eraser,Metal,Blue,Matte,10,4.16,Poor
S0359,U047,ShapeTool,Glass,Red,Smooth,32,7.14,Moderate
S0360,U018,ShapeTool,Metal,Red,Matte,48,5.31,Poor
S0361,U003,FillTool,Plastic,Yellow,Glossy,66,9.94,Good
S0362,U034,Eraser,Wood,Green,Rough,43,7.45,Moderate
S0363,U063,PenTool,Wood,Yellow,Rough,50,4.83,Poor
S0364,U048,ShapeTool,Plastic,Yellow,Rough,82,8.13,Good
S0365,U016,Eraser,Glass,Yellow,Glossy,22,9.39,Good
S0366,U043,FillTool,Glass,Yellow,Rough,79,8.47,Good
S0367,U091,PenTool,Wood,Blue,Smooth,15,4.46,Poor
S0368,U029,Eraser,Metal,Green,Matte,61,9.38,Good
S0369,U092,PenTool,Glass,Blue,Glossy,12,8.76,Good
S0370,U045,PenTool,Glass,Green,Rough,72,4.95,Poor
S0371,U005,PenTool,Plastic,Red,Smooth,58,4.31,Poor
S0372,U098,ShapeTool,Plastic,Yellow,Matte,85,7.34,Moderate
S0373,U036,ShapeTool,Metal,Blue,Matte,56,4.94,Poor
S0374,U023,FillTool,Glass,Green,Glossy,64,9.01,Good
S0375,U092,FillTool,Glass,Red,Glossy,73,6.15,Moderate
S0376,U045,Eraser,Plastic,Red,Glossy,74,9.48,Good
S0377,U052,FillTool,Glass,Yellow,Smooth,76,7.39,Moderate
S0378,U094,PenTool,Wood,Green,Smooth,24,5.1,Poor
S0379,U098,PenTool,Plastic,Blue,Glossy,41,4.84,Poor
S0380,U059,ShapeTool,Metal,Yellow,Rough,77,7.46,Moderate
S0381,U096,PenTool,Plastic,Blue,Matte,27,8.57,Good
S0382,U062,Eraser,Glass,Red,Matte,52,8.69,Good
S0383,U084,PenTool,Metal,Blue,Smooth,44,5.65,Poor
S0384,U031,PenTool,Plastic,Blue,Matte,87,5.23,Poor
S0385,U086,Eraser,Wood,Yellow,Rough,67,4.1,Poor
S0386,U032,FillTool,Wood,Blue,Matte,42,8.08,Good
S0387,U066,FillTool,Plastic,Yellow,Smooth,23,4.46,Poor
S0388,U017,Eraser,Wood,Red,Smooth,43,6.52,Moderate
S0389,U024,ShapeTool,Wood,Yellow,Rough,70,7.61,Moderate
S0390,U094,PenTool,Wood,Yellow,Rough,13,9.62,Good
S0391,U053,Eraser,Metal,Green,Matte,68,5.87,Poor
S0392,U057,PenTool,Wood,Blue,Matte,38,5.5,Poor
S0393,U066,ShapeTool,Wood,Red,Smooth,15,7.92,Moderate
S0394,U045,PenTool,Wood,Yellow,Rough,58,7.72,Moderate
S0395,U023,Eraser,Metal,Red,Rough,49,5.99,Poor
S0396,U031,PenTool,Plastic,Green,Rough,74,9.57,Good
S0397,U046,FillTool,Glass,Blue,Matte,78,9.07,Good
S0398,U085,ShapeTool,Wood,Yellow,Rough,36,5.34,Poor
S0399,U022,ShapeTool,Plastic,Blue,Smooth,89,5.43,Poor
S0400,U065,ShapeTool,Wood,Green,Smooth,15,7.07,Moderate
S0401,U026,Eraser,Metal,Green,Matte,22,8.64,Good
S0402,U001,ShapeTool,Plastic,Red,Glossy,73,4.26,Poor
S0403,U089,FillTool,Metal,Yellow,Matte,71,8.16,Good
S0404,U016,Eraser,Wood,Red,Glossy,28,7.89,Moderate
S0405,U032,FillTool,Wood,Green,Rough,85,5.39,Poor
S0406,U008,PenTool,Metal,Blue,Matte,89,8.09,Good
S0407,U042,PenTool,Glass,Red,Smooth,52,9.64,Good
S0408,U047,PenTool,Metal,Red,Rough,83,4.28,Poor
S0409,U038,PenTool,Wood,Blue,Smooth,29,5.92,Poor
S0410,U092,FillTool,Metal,Red,Rough,77,6.63,Moderate
S0411,U041,Eraser,Glass,Blue,Matte,53,9.4,Good
S0412,U025,Eraser,Metal,Yellow,Glossy,32,9.77,Good
S0413,U098,ShapeTool,Glass,Blue,Rough,11,6.66,Moderate
S0414,U049,FillTool,Glass,Yellow,Glossy,31,8.5,Good
S0415,U024,PenTool,Metal,Blue,Rough,66,7.19,Moderate
S0416,U023,FillTool,Metal,Green,Smooth,81,7.23,Moderate
S0417,U012,ShapeTool,Plastic,Green,Smooth,16,5.67,Poor
S0418,U059,ShapeTool,Wood,Yellow,Rough,87,5.3,Poor
S0419,U006,FillTool,Glass,Yellow,Glossy,65,5.73,Poor
S0420,U056,FillTool,Plastic,Green,Matte,76,7.34,Moderate
S0421,U035,FillTool,Metal,Yellow,Matte,25,4.17,Poor
S0422,U044,Eraser,Wood,Blue,Smooth,60,9.44,Good
S0423,U019,PenTool,Plastic,Blue,Matte,89,4.94,Poor
S0424,U064,FillTool,Glass,Green,Smooth,81,5.32,Poor
S0425,U007,FillTool,Plastic,Red,Matte,21,7.11,Moderate
S0426,U015,FillTool,Glass,Blue,Rough,62,8.26,Good
S0427,U013,ShapeTool,Metal,Yellow,Smooth,84,4.57,Poor
S0428,U075,ShapeTool,Wood,Red,Smooth,14,5.91,Poor
S0429,U086,Eraser,Wood,Red,Rough,36,9.81,Good
S0430,U014,PenTool,Wood,Blue,Smooth,21,5.57,Poor
S0431,U091,Eraser,Metal,Blue,Matte,26,5.88,Poor
S0432,U097,PenTool,Glass,Red,Matte,15,9.02,Good
S0433,U065,ShapeTool,Metal,Red,Smooth,14,4.3,Poor
S0434,U031,ShapeTool,Wood,Green,Matte,66,6.79,Moderate
S0435,U086,ShapeTool,Metal,Yellow,Glossy,37,6.28,Moderate
S0436,U062,Eraser,Metal,Green,Smooth,87,5.9,Poor
S0437,U085,FillTool,Metal,Blue,Rough,78,5.71,Poor
S0438,U050,FillTool,Glass,Green,Glossy,68,4.55,Poor
S0439,U024,ShapeTool,Plastic,Green,Smooth,42,5.89,Poor
S0440,U057,FillTool,Plastic,Green,Rough,71,4.26,Poor
S0441,U062,FillTool,Metal,Green,Matte,59,8.69,Good
S0442,U061,Eraser,Plastic,Yellow,Rough,28,6.39,Moderate
S0443,U021,PenTool,Plastic,Yellow,Glossy,78,6.66,Moderate
S0444,U057,ShapeTool,Metal,Red,Matte,75,9.36,Good
S0445,U057,ShapeTool,Metal,Blue,Smooth,56,7.95,Moderate
S0446,U085,Eraser,Wood,Green,Matte,48,4.05,Poor
S0447,U048,Eraser,Plastic,Red,Smooth,77,9.66,Good
S0448,U051,FillTool,Glass,Red,Smooth,42,5.42,Poor
S0449,U041,ShapeTool,Metal,Red,Rough,22,4.65,Poor
S0450,U069,PenTool,Wood,Yellow,Rough,63,8.61,Good
S0451,U014,Eraser,Glass,Green,Rough,16,7.0,Moderate
S0452,U053,PenTool,Plastic,Green,Glossy,88,6.6,Moderate
S0453,U059,PenTool,Wood,Blue,Glossy,23,5.5,Poor
S0454,U096,ShapeTool,Metal,Green,Rough,28,7.28,Moderate
S0455,U007,ShapeTool,Glass,Green,Glossy,63,5.65,Poor
S0456,U052,Eraser,Metal,Red,Matte,29,9.41,Good
S0457,U059,ShapeTool,Plastic,Blue,Matte,38,5.29,Poor
S0458,U004,ShapeTool,Glass,Green,Glossy,33,9.31,Good
S0459,U067,ShapeTool,Plastic,Yellow,Glossy,72,7.36,Moderate
S0460,U005,PenTool,Plastic,Green,Matte,83,8.97,Good
S0461,U095,Eraser,Wood,Red,Smooth,66,8.28,Good
S0462,U093,FillTool,Metal,Yellow,Matte,17,8.18,Good
S0463,U046,PenTool,Glass,Red,Matte,71,5.95,Poor
S0464,U098,ShapeTool,Plastic,Green,Glossy,38,5.4,Poor
S0465,U054,PenTool,Plastic,Yellow,Matte,83,5.27,Poor
S0466,U039,ShapeTool,Glass,Blue,Glossy,26,9.14,Good
S0467,U051,ShapeTool,Plastic,Blue,Glossy,75,8.92,Good
S0468,U015,PenTool,Wood,Yellow,Rough,15,6.64,Moderate
S0469,U012,Eraser,Wood,Yellow,Matte,67,4.79,Poor
S0470,U029,ShapeTool,Wood,Red,Smooth,78,6.29,Moderate
S0471,U018,Eraser,Wood,Yellow,Rough,37,7.72,Moderate
S0472,U016,FillTool,Plastic,Red,Glossy,71,6.73,Moderate
S0473,U062,ShapeTool,Glass,Green,Glossy,50,8.68,Good
S0474,U018,Eraser,Glass,Red,Smooth,78,9.99,Good
S0475,U091,Eraser,Glass,Yellow,Glossy,50,5.15,Poor
S0476,U057,FillTool,Glass,Yellow,Matte,58,6.76,Moderate
S0477,U054,Eraser,Metal,Green,Rough,58,6.59,Moderate
S0478,U089,Eraser,Glass,Yellow,Glossy,85,5.83,Poor
S0479,U089,FillTool,Metal,Yellow,Glossy,80,5.19,Poor
S0480,U061,ShapeTool,Metal,Blue,Smooth,12,4.39,Poor
S0481,U022,Eraser,Wood,Blue,Matte,19,9.32,Good
S0482,U008,Eraser,Metal,Green,Glossy,44,6.52,Moderate
S0483,U011,Eraser,Plastic,Red,Smooth,89,6.98,Moderate
S0484,U000,PenTool,Metal,Blue,Glossy,11,9.5,Good
S0485,U057,FillTool,Wood,Red,Smooth,33,8.66,Good
S0486,U000,PenTool,Metal,Yellow,Smooth,83,4.78,Poor
S0487,U033,FillTool,Plastic,Blue,Matte,47,7.39,Moderate
S0488,U095,ShapeTool,Plastic,Green,Glossy,31,6.65,Moderate
S0489,U047,ShapeTool,Plastic,Green,Matte,35,8.78,Good
S0490,U088,Eraser,Wood,Green,Smooth,52,8.35,Good
S0491,U000,FillTool,Wood,Blue,Rough,64,8.14,Good
S0492,U015,ShapeTool,Glass,Red,Glossy,48,6.04,Moderate
S0493,U060,FillTool,Wood,Yellow,Rough,38,8.83,Good
S0494,U063,ShapeTool,Plastic,Red,Glossy,29,4.31,Poor
S0495,U062,PenTool,Plastic,Red,Matte,50,4.96,Poor
S0496,U068,ShapeTool,Wood,Yellow,Matte,63,6.01,Moderate
S0497,U021,PenTool,Metal,Yellow,Matte,29,4.46,Poor
S0498,U092,ShapeTool,Wood,Blue,Matte,28,5.41,Poor
S0499,U066,Eraser,Wood,Blue,Matte,75,8.98,Good
S0500,U075,PenTool,Plastic,Blue,Rough,39,9.69,Good
S0501,U025,ShapeTool,Glass,Blue,Matte,62,5.83,Poor
S0502,U015,Eraser,Plastic,Blue,Smooth,43,5.59,Poor
S0503,U050,PenTool,Glass,Yellow,Smooth,31,5.68,Poor
S0504,U085,Eraser,Plastic,Red,Rough,76,5.67,Poor
S0505,U056,FillTool,Wood,Blue,Glossy,15,4.22,Poor
S0506,U028,FillTool,Plastic,Blue,Smooth,88,9.56,Good
S0507,U077,PenTool,Plastic,Red,Glossy,36,5.28,Poor
S0508,U091,ShapeTool,Plastic,Blue,Rough,19,6.52,Moderate
S0509,U068,PenTool,Wood,Red,Glossy,82,4.06,Poor
S0510,U046,Eraser,Wood,Red,Glossy,57,9.15,Good
S0511,U093,ShapeTool,Wood,Yellow,Glossy,79,8.39,Good
S0512,U061,FillTool,Wood,Green,Glossy,68,9.68,Good
S0513,U068,ShapeTool,Glass,Yellow,Rough,68,8.69,Good
S0514,U075,FillTool,Glass,Green,Smooth,11,5.88,Poor
S0515,U015,ShapeTool,Metal,Green,Matte,38,5.49,Poor
S0516,U089,ShapeTool,Wood,Green,Glossy,77,8.19,Good
S0517,U089,ShapeTool,Glass,Blue,Smooth,74,6.18,Moderate
S0518,U047,Eraser,Plastic,Yellow,Smooth,35,7.4,Moderate
S0519,U084,Eraser,Wood,Green,Rough,19,4.04,Poor
S0520,U038,PenTool,Metal,Red,Smooth,62,4.37,Poor
S0521,U099,PenTool,Metal,Blue,Rough,88,7.21,Moderate
S0522,U032,FillTool,Metal,Yellow,Glossy,68,7.4,Moderate
S0523,U093,Eraser,Plastic,Green,Glossy,31,8.51,Good
S0524,U022,FillTool,Glass,Red,Matte,60,4.79,Poor
S0525,U009,PenTool,Plastic,Yellow,Matte,57,7.08,Moderate
S0526,U068,FillTool,Wood,Yellow,Matte,30,5.17,Poor
S0527,U099,PenTool,Metal,Blue,Smooth,31,4.56,Poor
S0528,U033,Eraser,Plastic,Yellow,Glossy,39,6.46,Moderate
S0529,U051,ShapeTool,Plastic,Blue,Rough,34,4.98,Poor
S0530,U094,Eraser,Glass,Green,Matte,37,5.33,Poor
S0531,U009,FillTool,Glass,Blue,Rough,74,5.91,Poor
S0532,U018,FillTool,Metal,Red,Rough,54,5.56,Poor
S0533,U057,Eraser,Plastic,Blue,Matte,77,4.53,Poor
S0534,U095,Eraser,Plastic,Red,Glossy,16,4.54,Poor
S0535,U000,PenTool,Glass,Blue,Matte,58,5.16,Poor
S0536,U068,FillTool,Plastic,Yellow,Rough,18,4.3,Poor
S0537,U003,FillTool,Plastic,Green,Matte,45,7.76,Moderate
S0538,U015,Eraser,Plastic,Red,Rough,10,5.72,Poor
S0539,U023,ShapeTool,Glass,Blue,Rough,19,5.68,Poor
S0540,U079,FillTool,Metal,Blue,Matte,45,5.99,Poor
S0541,U001,ShapeTool,Wood,Blue,Smooth,82,7.98,Moderate
S0542,U091,Eraser,Metal,Yellow,Matte,55,9.22,Good
S0543,U031,Eraser,Wood,Yellow,Smooth,41,8.55,Good
S0544,U090,PenTool,Plastic,Red,Rough,41,8.37,Good
S0545,U083,FillTool,Metal,Red,Rough,15,6.91,Moderate
S0546,U023,ShapeTool,Wood,Yellow,Smooth,57,8.16,Good
S0547,U011,PenTool,Glass,Red,Rough,47,7.32,Moderate
S0548,U049,FillTool,Glass,Green,Smooth,26,5.3,Poor
S0549,U034,PenTool,Metal,Green,Smooth,83,5.25,Poor
S0550,U032,Eraser,Metal,Yellow,Rough,36,5.78,Poor
S0551,U032,FillTool,Plastic,Red,Glossy,63,9.46,Good
S0552,U060,PenTool,Metal,Blue,Smooth,59,7.28,Moderate
S0553,U050,PenTool,Plastic,Green,Matte,44,8.4,Good
S0554,U042,ShapeTool,Plastic,Yellow,Matte,34,6.08,Moderate
S0555,U011,PenTool,Glass,Red,Rough,37,6.45,Moderate
S0556,U066,FillTool,Glass,Yellow,Glossy,24,4.75,Poor
S0557,U064,FillTool,Wood,Blue,Rough,13,5.03,Poor
S0558,U032,ShapeTool,Glass,Green,Glossy,82,8.96,Good
S0559,U039,FillTool,Glass,Yellow,Smooth,36,7.51,Moderate
S0560,U073,Eraser,Metal,Yellow,Smooth,35,6.03,Moderate
S0561,U042,FillTool,Glass,Yellow,Smooth,28,8.82,Good
S0562,U043,FillTool,Wood,Blue,Smooth,26,5.48,Poor
S0563,U028,PenTool,Metal,Yellow,Matte,52,9.86,Good
S0564,U012,PenTool,Wood,Blue,Matte,50,6.07,Moderate
S0565,U011,FillTool,Glass,Blue,Rough,51,6.02,Moderate
S0566,U094,ShapeTool,Wood,Blue,Glossy,59,5.87,Poor
S0567,U045,PenTool,Metal,Green,Smooth,49,4.73,Poor
S0568,U001,ShapeTool,Plastic,Green,Smooth,48,4.67,Poor
S0569,U034,FillTool,Wood,Yellow,Glossy,32,7.89,Moderate
S0570,U086,FillTool,Wood,Yellow,Glossy,61,9.25,Good
S0571,U080,Eraser,Metal,Green,Rough,56,8.74,Good
S0572,U089,PenTool,Metal,Red,Glossy,72,4.85,Poor
S0573,U007,FillTool,Wood,Green,Smooth,78,7.27,Moderate
S0574,U092,Eraser,Glass,Blue,Smooth,52,4.63,Poor
S0575,U025,PenTool,Wood,Green,Smooth,57,4.27,Poor
S0576,U073,FillTool,Metal,Blue,Smooth,43,7.94,Moderate
S0577,U089,FillTool,Plastic,Yellow,Smooth,49,7.21,Moderate
S0578,U033,PenTool,Plastic,Red,Rough,84,4.49,Poor
S0579,U006,PenTool,Glass,Yellow,Smooth,70,4.21,Poor
S0580,U067,PenTool,Wood,Blue,Rough,59,9.94,Good
S0581,U057,FillTool,Plastic,Blue,Smooth,76,4.18,Poor
S0582,U074,FillTool,Wood,Blue,Matte,71,6.67,Moderate
S0583,U028,Eraser,Metal,Red,Matte,67,7.03,Moderate
S0584,U035,ShapeTool,Plastic,Green,Matte,42,4.7,Poor
S0585,U088,PenTool,Glass,Yellow,Matte,84,5.01,Poor
S0586,U020,FillTool,Metal,Yellow,Rough,25,6.11,Moderate
S0587,U035,FillTool,Glass,Green,Rough,57,8.57,Good
S0588,U009,PenTool,Metal,Yellow,Glossy,19,7.04,Moderate
S0589,U072,ShapeTool,Plastic,Red,Smooth,47,7.83,Moderate
S0590,U023,PenTool,Glass,Yellow,Matte,28,9.91,Good
S0591,U063,ShapeTool,Glass,Blue,Rough,45,8.61,Good
S0592,U098,FillTool,Metal,Green,Smooth,68,6.61,Moderate
S0593,U048,ShapeTool,Glass,Red,Smooth,72,6.68,Moderate
S0594,U098,Eraser,Metal,Green,Rough,86,7.71,Moderate
S0595,U035,FillTool,Metal,Red,Matte,55,7.99,Moderate
S0596,U081,Eraser,Metal,Blue,Glossy,12,7.0,Moderate
S0597,U095,PenTool,Metal,Green,Smooth,83,7.87,Moderate
S0598,U023,PenTool,Plastic,Yellow,Glossy,74,4.14,Poor
S0599,U022,PenTool,Metal,Red,Matte,17,6.58,Moderate
S0600,U061,ShapeTool,Wood,Green,Matte,60,5.67,Poor
S0601,U095,FillTool,Glass,Yellow,Glossy,82,4.78,Poor
S0602,U036,PenTool,Wood,Green,Matte,15,4.6,Poor
S0603,U011,PenTool,Plastic,Green,Smooth,48,7.62,Moderate
S0604,U054,FillTool,Wood,Green,Glossy,69,7.14,Moderate
S0605,U012,PenTool,Glass,Red,Matte,37,5.52,Poor
S0606,U022,Eraser,Wood,Yellow,Glossy,63,6.83,Moderate
S0607,U088,FillTool,Plastic,Blue,Smooth,46,6.95,Moderate
S0608,U098,FillTool,Metal,Red,Matte,18,5.17,Poor
S0609,U029,FillTool,Wood,Red,Smooth,65,7.91,Moderate
S0610,U016,Eraser,Plastic,Red,Matte,68,8.69,Good
S0611,U061,FillTool,Plastic,Blue,Rough,11,8.75,Good
S0612,U083,Eraser,Glass,Yellow,Matte,70,7.61,Moderate
S0613,U088,FillTool,Glass,Yellow,Glossy,67,7.07,Moderate
S0614,U085,ShapeTool,Wood,Yellow,Matte,69,4.37,Poor
S0615,U012,PenTool,Metal,Green,Smooth,49,5.73,Poor
S0616,U058,ShapeTool,Plastic,Green,Smooth,45,4.56,Poor
S0617,U018,PenTool,Wood,Green,Matte,46,9.78,Good
S0618,U048,Eraser,Plastic,Blue,Glossy,88,4.81,Poor
S0619,U099,ShapeTool,Plastic,Green,Rough,27,4.91,Poor
S0620,U011,FillTool,Metal,Blue,Glossy,72,9.34,Good
S0621,U060,PenTool,Metal,Yellow,Rough,31,9.66,Good
S0622,U018,PenTool,Wood,Green,Smooth,20,8.59,Good
S0623,U075,ShapeTool,Metal,Green,Glossy,67,4.03,Poor
S0624,U008,Eraser,Metal,Red,Rough,66,4.01,Poor
S0625,U070,ShapeTool,Wood,Blue,Matte,86,6.27,Moderate
S0626,U027,Eraser,Metal,Yellow,Smooth,13,4.86,Poor
S0627,U077,Eraser,Glass,Red,Matte,16,4.11,Poor
S0628,U094,PenTool,Plastic,Red,Smooth,70,6.78,Moderate
S0629,U051,ShapeTool,Plastic,Yellow,Glossy,63,9.66,Good
S0630,U082,ShapeTool,Plastic,Red,Glossy,77,5.94,Poor
S0631,U015,Eraser,Plastic,Blue,Smooth,88,7.97,Moderate
S0632,U068,ShapeTool,Wood,Blue,Smooth,10,7.91,Moderate
S0633,U098,FillTool,Plastic,Green,Smooth,64,5.51,Poor
S0634,U011,FillTool,Plastic,Red,Glossy,12,7.9,Moderate
S0635,U024,ShapeTool,Plastic,Green,Rough,87,5.27,Poor
S0636,U051,ShapeTool,Plastic,Red,Matte,47,4.73,Poor
S0637,U084,Eraser,Glass,Blue,Matte,10,8.21,Good
S0638,U099,FillTool,Plastic,Blue,Glossy,47,4.68,Poor
S0639,U052,FillTool,Glass,Blue,Matte,38,9.98,Good
S0640,U022,PenTool,Wood,Red,Smooth,14,5.1,Poor
S0641,U015,Eraser,Metal,Blue,Rough,83,7.56,Moderate
S0642,U056,PenTool,Plastic,Red,Matte,30,6.47,Moderate
S0643,U038,FillTool,Metal,Green,Rough,80,4.76,Poor
S0644,U052,Eraser,Metal,Red,Smooth,76,4.17,Poor
S0645,U041,ShapeTool,Wood,Green,Matte,56,7.74,Moderate
S0646,U057,Eraser,Metal,Red,Glossy,44,8.84,Good
S0647,U038,ShapeTool,Glass,Green,Rough,77,9.05,Good
S0648,U013,ShapeTool,Metal,Blue,Smooth,78,6.9,Moderate
S0649,U094,Eraser,Metal,Green,Rough,10,8.66,Good
S0650,U004,ShapeTool,Metal,Blue,Matte,77,8.04,Good
S0651,U034,PenTool,Plastic,Blue,Matte,21,8.35,Good
S0652,U086,FillTool,Plastic,Green,Glossy,69,6.96,Moderate
S0653,U092,ShapeTool,Glass,Red,Smooth,36,7.8,Moderate
S0654,U074,PenTool,Glass,Red,Smooth,65,8.83,Good
S0655,U017,ShapeTool,Plastic,Yellow,Glossy,32,6.39,Moderate
S0656,U075,FillTool,Glass,Red,Glossy,34,8.84,Good
S0657,U008,PenTool,Plastic,Yellow,Smooth,30,7.55,Moderate
S0658,U073,FillTool,Wood,Red,Rough,70,5.0,Poor
S0659,U057,FillTool,Metal,Red,Rough,72,4.15,Poor
S0660,U016,PenTool,Metal,Blue,Glossy,61,6.18,Moderate
S0661,U006,PenTool,Glass,Yellow,Rough,34,7.28,Moderate
S0662,U045,PenTool,Plastic,Red,Smooth,64,9.04,Good
S0663,U012,Eraser,Plastic,Yellow,Matte,55,4.76,Poor
S0664,U039,PenTool,Glass,Blue,Matte,41,8.8,Good
S0665,U041,PenTool,Plastic,Blue,Rough,64,9.18,Good
S0666,U008,PenTool,Wood,Yellow,Glossy,14,4.9,Poor
S0667,U049,PenTool,Metal,Blue,Glossy,45,9.11,Good
S0668,U026,ShapeTool,Glass,Green,Glossy,58,9.95,Good
S0669,U065,Eraser,Glass,Green,Glossy,67,8.36,Good
S0670,U004,FillTool,Plastic,Blue,Glossy,48,8.71,Good
S0671,U028,PenTool,Glass,Green,Rough,89,9.97,Good
S0672,U036,ShapeTool,Wood,Red,Matte,70,7.63,Moderate
S0673,U037,ShapeTool,Plastic,Yellow,Matte,18,5.85,Poor
S0674,U082,ShapeTool,Plastic,Red,Rough,15,9.03,Good
S0675,U007,FillTool,Plastic,Yellow,Glossy,44,7.69,Moderate
S0676,U064,PenTool,Plastic,Blue,Rough,48,7.49,Moderate
S0677,U085,Eraser,Wood,Red,Matte,31,5.52,Poor
S0678,U016,Eraser,Plastic,Blue,Smooth,50,8.54,Good
S0679,U070,ShapeTool,Glass,Blue,Rough,14,4.49,Poor
S0680,U088,FillTool,Wood,Yellow,Glossy,51,9.55,Good
S0681,U044,FillTool,Metal,Yellow,Matte,85,5.95,Poor
S0682,U003,FillTool,Metal,Yellow,Matte,89,4.77,Poor
S0683,U035,Eraser,Glass,Red,Matte,76,6.65,Moderate
S0684,U069,ShapeTool,Glass,Green,Matte,39,4.25,Poor
S0685,U030,PenTool,Wood,Yellow,Glossy,66,8.11,Good
S0686,U018,Eraser,Metal,Yellow,Smooth,82,9.42,Good
S0687,U060,ShapeTool,Metal,Red,Matte,38,9.02,Good
S0688,U053,ShapeTool,Metal,Yellow,Rough,46,4.76,Poor
S0689,U038,PenTool,Metal,Red,Smooth,22,4.76,Poor
S0690,U090,PenTool,Metal,Blue,Matte,41,8.88,Good
S0691,U073,PenTool,Plastic,Yellow,Smooth,55,9.55,Good
S0692,U089,FillTool,Glass,Yellow,Rough,32,6.76,Moderate
S0693,U018,PenTool,Plastic,Blue,Matte,54,6.99,Moderate
S0694,U038,ShapeTool,Metal,Blue,Rough,26,5.91,Poor
S0695,U066,PenTool,Wood,Blue,Glossy,75,9.37,Good
S0696,U044,ShapeTool,Wood,Yellow,Matte,15,7.87,Moderate
S0697,U012,Eraser,Metal,Green,Matte,27,5.73,Poor
S0698,U091,FillTool,Metal,Green,Matte,31,5.79,Poor
S0699,U057,Eraser,Wood,Green,Matte,42,9.35,Good
S0700,U019,Eraser,Plastic,Yellow,Glossy,39,4.08,Poor
S0701,U091,ShapeTool,Plastic,Blue,Matte,41,5.94,Poor
S0702,U071,Eraser,Metal,Yellow,Smooth,51,7.33,Moderate
S0703,U060,ShapeTool,Plastic,Blue,Matte,87,4.89,Poor
S0704,U038,PenTool,Wood,Yellow,Glossy,19,4.55,Poor
S0705,U000,PenTool,Plastic,Yellow,Matte,45,8.89,Good
S0706,U002,ShapeTool,Metal,Blue,Smooth,43,9.37,Good
S0707,U076,PenTool,Wood,Green,Glossy,82,8.94,Good
S0708,U091,FillTool,Plastic,Blue,Glossy,37,9.39,Good
S0709,U061,Eraser,Glass,Red,Smooth,20,7.32,Moderate
S0710,U062,FillTool,Wood,Red,Smooth,87,8.87,Good
S0711,U024,Eraser,Wood,Blue,Smooth,48,6.3,Moderate
S0712,U055,PenTool,Glass,Yellow,Smooth,56,8.0,Moderate
S0713,U032,FillTool,Glass,Red,Smooth,28,9.93,Good
S0714,U037,PenTool,Wood,Red,Glossy,24,5.35,Poor
S0715,U005,Eraser,Glass,Yellow,Glossy,37,6.34,Moderate
S0716,U057,ShapeTool,Metal,Yellow,Matte,33,6.88,Moderate
S0717,U043,ShapeTool,Metal,Green,Matte,81,4.83,Poor
S0718,U044,FillTool,Metal,Yellow,Rough,18,4.49,Poor
S0719,U031,PenTool,Wood,Blue,Matte,56,8.98,Good
S0720,U044,PenTool,Glass,Blue,Matte,42,9.86,Good
S0721,U060,FillTool,Glass,Green,Smooth,71,6.43,Moderate
S0722,U046,ShapeTool,Plastic,Red,Smooth,28,4.53,Poor
S0723,U020,Eraser,Plastic,Red,Matte,76,4.39,Poor
S0724,U079,FillTool,Glass,Yellow,Rough,83,9.35,Good
S0725,U084,Eraser,Glass,Blue,Smooth,49,6.78,Moderate
S0726,U074,ShapeTool,Glass,Red,Matte,56,5.92,Poor
S0727,U035,PenTool,Wood,Green,Matte,74,6.86,Moderate
S0728,U098,ShapeTool,Glass,Green,Glossy,38,5.91,Poor
S0729,U018,FillTool,Plastic,Blue,Rough,59,6.93,Moderate
S0730,U019,PenTool,Wood,Green,Glossy,22,9.16,Good
S0731,U056,FillTool,Glass,Green,Rough,10,7.55,Moderate
S0732,U017,FillTool,Plastic,Blue,Smooth,43,8.17,Good
S0733,U046,ShapeTool,Wood,Yellow,Rough,57,6.19,Moderate
S0734,U048,FillTool,Glass,Yellow,Matte,86,8.43,Good
S0735,U013,ShapeTool,Glass,Green,Matte,57,8.0,Moderate
S0736,U014,PenTool,Glass,Yellow,Rough,58,4.72,Poor
S0737,U030,ShapeTool,Wood,Yellow,Rough,73,7.44,Moderate
S0738,U000,PenTool,Plastic,Green,Rough,70,5.54,Poor
S0739,U053,ShapeTool,Plastic,Yellow,Glossy,38,8.82,Good
S0740,U002,Eraser,Metal,Green,Rough,48,6.56,Moderate
S0741,U015,Eraser,Glass,Red,Smooth,35,9.97,Good
S0742,U086,FillTool,Metal,Blue,Glossy,26,4.56,Poor
S0743,U056,ShapeTool,Metal,Blue,Glossy,80,8.68,Good
S0744,U074,ShapeTool,Plastic,Yellow,Rough,22,8.04,Good
S0745,U011,PenTool,Wood,Yellow,Smooth,78,8.6,Good
S0746,U073,FillTool,Wood,Yellow,Glossy,35,5.85,Poor
S0747,U095,ShapeTool,Plastic,Blue,Matte,58,6.95,Moderate
S0748,U015,FillTool,Wood,Red,Glossy,76,8.78,Good
S0749,U071,Eraser,Metal,Red,Rough,16,5.4,Poor
S0750,U075,ShapeTool,Glass,Blue,Smooth,67,5.36,Poor
S0751,U023,ShapeTool,Plastic,Red,Rough,58,7.31,Moderate
S0752,U027,FillTool,Glass,Blue,Matte,62,7.14,Moderate
S0753,U007,ShapeTool,Wood,Red,Matte,74,5.69,Poor
S0754,U091,FillTool,Glass,Green,Matte,71,5.79,Poor
S0755,U035,ShapeTool,Wood,Green,Rough,26,5.67,Poor
S0756,U089,PenTool,Wood,Blue,Glossy,52,8.63,Good
S0757,U007,FillTool,Metal,Red,Rough,34,7.91,Moderate
S0758,U057,ShapeTool,Wood,Yellow,Smooth,12,8.99,Good
S0759,U059,Eraser,Metal,Red,Glossy,88,9.85,Good
S0760,U049,ShapeTool,Metal,Green,Matte,38,6.84,Moderate
S0761,U027,Eraser,Metal,Green,Rough,41,4.4,Poor
S0762,U091,Eraser,Plastic,Red,Matte,35,4.29,Poor
S0763,U040,PenTool,Plastic,Red,Matte,25,5.77,Poor
S0764,U099,FillTool,Wood,Yellow,Smooth,34,9.6,Good
S0765,U063,ShapeTool,Metal,Yellow,Glossy,63,7.14,Moderate
S0766,U026,PenTool,Plastic,Red,Smooth,37,5.63,Poor
S0767,U062,ShapeTool,Metal,Red,Smooth,82,6.4,Moderate
S0768,U016,Eraser,Glass,Red,Smooth,65,7.59,Moderate
S0769,U072,FillTool,Glass,Red,Matte,74,7.92,Moderate
S0770,U032,ShapeTool,Glass,Blue,Smooth,89,4.92,Poor
S0771,U083,ShapeTool,Wood,Red,Smooth,50,9.86,Good
S0772,U076,Eraser,Metal,Yellow,Glossy,60,7.27,Moderate
S0773,U091,ShapeTool,Glass,Green,Glossy,80,4.81,Poor
S0774,U028,ShapeTool,Plastic,Blue,Smooth,87,9.36,Good
S0775,U012,Eraser,Glass,Red,Glossy,38,4.45,Poor
S0776,U045,PenTool,Glass,Green,Glossy,28,9.45,Good
S0777,U034,Eraser,Glass,Blue,Smooth,75,9.98,Good
S0778,U005,PenTool,Wood,Green,Matte,50,8.2,Good
S0779,U081,FillTool,Plastic,Red,Smooth,54,8.62,Good
S0780,U068,PenTool,Metal,Red,Glossy,24,6.02,Moderate
S0781,U046,PenTool,Plastic,Yellow,Matte,12,9.65,Good
S0782,U024,FillTool,Metal,Red,Rough,20,7.18,Moderate
S0783,U065,PenTool,Wood,Red,Matte,62,8.39,Good
S0784,U009,Eraser,Wood,Blue,Glossy,55,9.54,Good
S0785,U055,PenTool,Wood,Yellow,Matte,39,9.85,Good
S0786,U029,FillTool,Wood,Blue,Smooth,66,9.0,Good
S0787,U004,Eraser,Metal,Green,Rough,27,5.82,Poor
S0788,U032,FillTool,Glass,Red,Rough,60,9.8,Good
S0789,U064,FillTool,Metal,Green,Rough,57,7.77,Moderate
S0790,U017,ShapeTool,Plastic,Blue,Glossy,75,9.58,Good
S0791,U095,ShapeTool,Wood,Red,Glossy,17,8.06,Good
S0792,U048,FillTool,Wood,Red,Rough,31,5.84,Poor
S0793,U010,FillTool,Plastic,Blue,Matte,15,6.22,Moderate
S0794,U084,FillTool,Metal,Blue,Rough,85,7.3,Moderate
S0795,U025,ShapeTool,Glass,Blue,Matte,66,8.74,Good
S0796,U062,ShapeTool,Glass,Blue,Matte,45,5.91,Poor
S0797,U088,PenTool,Plastic,Blue,Glossy,88,7.48,Moderate
S0798,U085,PenTool,Glass,Red,Matte,66,6.07,Moderate
S0799,U058,FillTool,Metal,Blue,Rough,58,8.89,Good
S0800,U026,Eraser,Metal,Red,Glossy,54,6.8,Moderate
S0801,U048,Eraser,Plastic,Red,Smooth,75,4.46,Poor
S0802,U076,ShapeTool,Metal,Blue,Smooth,86,5.0,Poor
S0803,U032,ShapeTool,Wood,Blue,Glossy,54,4.37,Poor
S0804,U097,ShapeTool,Plastic,Yellow,Rough,88,7.0,Moderate
S0805,U098,FillTool,Metal,Red,Smooth,29,4.64,Poor
S0806,U000,Eraser,Plastic,Blue,Smooth,73,4.68,Poor
S0807,U020,PenTool,Glass,Blue,Matte,76,9.65,Good
S0808,U054,FillTool,Metal,Blue,Matte,12,9.24,Good
S0809,U005,PenTool,Wood,Yellow,Rough,63,6.71,Moderate
S0810,U091,PenTool,Metal,Yellow,Glossy,87,9.91,Good
S0811,U080,FillTool,Plastic,Green,Rough,73,4.0,Poor
S0812,U068,PenTool,Plastic,Red,Glossy,49,7.68,Moderate
S0813,U094,Eraser,Metal,Green,Smooth,68,7.7,Moderate
S0814,U004,PenTool,Wood,Blue,Matte,64,6.74,Moderate
S0815,U002,Eraser,Wood,Yellow,Rough,71,6.38,Moderate
S0816,U052,Eraser,Wood,Yellow,Rough,13,6.73,Moderate
S0817,U022,Eraser,Plastic,Green,Glossy,69,6.49,Moderate
S0818,U052,ShapeTool,Metal,Yellow,Glossy,84,8.38,Good
S0819,U036,PenTool,Glass,Blue,Rough,39,4.81,Poor
S0820,U073,FillTool,Plastic,Yellow,Glossy,11,5.19,Poor
S0821,U073,FillTool,Wood,Green,Rough,71,5.08,Poor
S0822,U082,PenTool,Metal,Blue,Rough,58,5.57,Poor
S0823,U016,ShapeTool,Wood,Green,Rough,18,7.15,Moderate
S0824,U084,ShapeTool,Glass,Yellow,Smooth,40,4.67,Poor
S0825,U077,Eraser,Wood,Green,Glossy,70,9.21,Good
S0826,U072,PenTool,Wood,Green,Matte,88,5.78,Poor
S0827,U000,PenTool,Glass,Red,Matte,57,4.98,Poor
S0828,U050,FillTool,Metal,Yellow,Glossy,34,8.05,Good
S0829,U044,PenTool,Plastic,Yellow,Rough,45,4.23,Poor
S0830,U076,ShapeTool,Metal,Green,Matte,17,7.72,Moderate
S0831,U003,PenTool,Glass,Red,Matte,82,8.19,Good
S0832,U061,FillTool,Wood,Yellow,Glossy,67,5.29,Poor
S0833,U064,Eraser,Metal,Blue,Matte,54,4.25,Poor
S0834,U031,FillTool,Plastic,Green,Rough,71,6.18,Moderate
S0835,U033,FillTool,Glass,Yellow,Glossy,48,4.59,Poor
S0836,U091,Eraser,Metal,Blue,Rough,67,4.7,Poor
S0837,U094,FillTool,Plastic,Yellow,Matte,73,5.53,Poor
S0838,U071,FillTool,Glass,Blue,Matte,53,5.77,Poor
S0839,U038,PenTool,Plastic,Green,Rough,38,7.18,Moderate
S0840,U025,PenTool,Glass,Yellow,Smooth,68,8.07,Good
S0841,U033,Eraser,Wood,Yellow,Matte,80,7.56,Moderate
S0842,U053,PenTool,Metal,Red,Smooth,18,4.89,Poor
S0843,U002,PenTool,Plastic,Green,Matte,15,5.03,Poor
S0844,U049,FillTool,Glass,Blue,Smooth,38,9.27,Good
S0845,U011,ShapeTool,Plastic,Yellow,Smooth,67,7.35,Moderate
S0846,U064,PenTool,Plastic,Yellow,Smooth,26,9.22,Good
S0847,U053,ShapeTool,Metal,Blue,Rough,25,6.23,Moderate
S0848,U004,PenTool,Wood,Green,Smooth,12,7.69,Moderate
S0849,U093,PenTool,Plastic,Red,Smooth,30,7.14,Moderate
S0850,U093,Eraser,Glass,Red,Smooth,73,5.91,Poor
S0851,U056,Eraser,Glass,Yellow,Matte,45,6.82,Moderate
S0852,U016,Eraser,Wood,Blue,Smooth,71,7.01,Moderate
S0853,U046,ShapeTool,Glass,Yellow,Matte,51,5.2,Poor
S0854,U022,FillTool,Wood,Blue,Smooth,85,5.89,Poor
S0855,U078,PenTool,Glass,Red,Smooth,51,8.75,Good
S0856,U084,PenTool,Metal,Green,Rough,70,9.49,Good
S0857,U013,PenTool,Plastic,Blue,Matte,22,6.16,Moderate
S0858,U065,ShapeTool,Metal,Red,Smooth,20,5.84,Poor
S0859,U074,Eraser,Plastic,Yellow,Matte,63,5.17,Poor
S0860,U050,FillTool,Plastic,Blue,Matte,25,8.07,Good
S0861,U037,ShapeTool,Plastic,Green,Glossy,17,5.94,Poor
S0862,U063,Eraser,Metal,Yellow,Rough,68,9.93,Good
S0863,U097,ShapeTool,Plastic,Yellow,Rough,66,5.95,Poor
S0864,U037,FillTool,Metal,Red,Rough,49,6.36,Moderate
S0865,U049,Eraser,Wood,Blue,Glossy,68,7.62,Moderate
S0866,U097,ShapeTool,Glass,Yellow,Glossy,11,8.81,Good
S0867,U081,FillTool,Glass,Green,Rough,85,6.82,Moderate
S0868,U029,PenTool,Plastic,Blue,Glossy,19,6.54,Moderate
S0869,U078,FillTool,Metal,Green,Glossy,53,9.97,Good
S0870,U090,PenTool,Glass,Yellow,Glossy,20,4.06,Poor
S0871,U050,ShapeTool,Metal,Green,Rough,88,9.37,Good
S0872,U062,Eraser,Metal,Red,Rough,89,4.89,Poor
S0873,U097,Eraser,Plastic,Green,Rough,11,8.72,Good
S0874,U051,ShapeTool,Glass,Blue,Glossy,59,7.71,Moderate
S0875,U037,Eraser,Plastic,Green,Rough,21,6.05,Moderate
S0876,U096,Eraser,Plastic,Green,Glossy,32,9.24,Good
S0877,U087,PenTool,Glass,Red,Smooth,27,4.08,Poor
S0878,U078,ShapeTool,Glass,Green,Glossy,71,5.36,Poor
S0879,U029,FillTool,Wood,Green,Matte,71,7.4,Moderate
S0880,U050,PenTool,Wood,Yellow,Rough,47,6.11,Moderate
S0881,U080,ShapeTool,Metal,Yellow,Rough,76,7.66,Moderate
S0882,U004,PenTool,Glass,Blue,Matte,47,4.14,Poor
S0883,U028,FillTool,Wood,Yellow,Glossy,76,4.7,Poor
S0884,U003,FillTool,Metal,Yellow,Smooth,70,4.76,Poor
S0885,U009,ShapeTool,Metal,Yellow,Matte,10,5.14,Poor
S0886,U055,FillTool,Metal,Yellow,Matte,54,6.76,Moderate
S0887,U016,PenTool,Wood,Red,Glossy,37,8.51,Good
S0888,U073,FillTool,Glass,Yellow,Rough,30,9.43,Good
S0889,U016,PenTool,Plastic,Red,Glossy,22,9.01,Good
S0890,U083,PenTool,Metal,Red,Matte,36,5.18,Poor
S0891,U087,FillTool,Wood,Yellow,Matte,16,6.65,Moderate
S0892,U068,ShapeTool,Wood,Green,Rough,31,5.2,Poor
S0893,U033,Eraser,Plastic,Red,Rough,83,5.59,Poor
S0894,U005,FillTool,Plastic,Green,Rough,62,7.02,Moderate
S0895,U052,PenTool,Wood,Green,Glossy,88,4.41,Poor
S0896,U065,PenTool,Glass,Yellow,Rough,88,5.31,Poor
S0897,U076,FillTool,Plastic,Blue,Matte,13,9.61,Good
S0898,U042,ShapeTool,Wood,Yellow,Matte,32,6.8,Moderate
S0899,U074,ShapeTool,Plastic,Blue,Smooth,79,6.67,Moderate
S0900,U022,PenTool,Glass,Blue,Glossy,85,4.09,Poor
S0901,U054,PenTool,Metal,Yellow,Smooth,42,5.48,Poor
S0902,U079,ShapeTool,Plastic,Yellow,Matte,37,9.2,Good
S0903,U094,Eraser,Glass,Blue,Smooth,17,4.99,Poor
S0904,U074,FillTool,Wood,Yellow,Matte,10,6.49,Moderate
S0905,U015,PenTool,Plastic,Blue,Smooth,46,4.09,Poor
S0906,U007,PenTool,Plastic,Green,Rough,72,6.87,Moderate
S0907,U003,ShapeTool,Wood,Yellow,Smooth,31,4.13,Poor
S0908,U003,FillTool,Metal,Green,Rough,79,8.92,Good
S0909,U055,ShapeTool,Wood,Red,Rough,30,8.95,Good
S0910,U024,FillTool,Plastic,Green,Glossy,44,8.73,Good
S0911,U066,FillTool,Wood,Green,Rough,88,5.7,Poor
S0912,U095,FillTool,Glass,Blue,Rough,14,9.02,Good
S0913,U066,PenTool,Wood,Green,Smooth,69,7.26,Moderate
S0914,U026,Eraser,Plastic,Yellow,Matte,55,6.24,Moderate
S0915,U092,ShapeTool,Wood,Blue,Glossy,59,7.75,Moderate
S0916,U031,Eraser,Metal,Red,Rough,57,4.07,Poor
S0917,U049,ShapeTool,Wood,Yellow,Glossy,15,4.86,Poor
S0918,U060,FillTool,Metal,Red,Smooth,65,8.45,Good
S0919,U050,PenTool,Glass,Green,Rough,68,5.46,Poor
S0920,U018,Eraser,Metal,Yellow,Smooth,38,7.59,Moderate
S0921,U020,PenTool,Wood,Yellow,Glossy,80,6.31,Moderate
S0922,U004,ShapeTool,Plastic,Red,Smooth,86,9.13,Good
S0923,U081,PenTool,Metal,Yellow,Glossy,27,9.71,Good
S0924,U091,PenTool,Glass,Yellow,Smooth,11,9.3,Good
S0925,U041,Eraser,Metal,Yellow,Glossy,17,5.62,Poor
S0926,U060,FillTool,Metal,Green,Matte,84,5.16,Poor
S0927,U021,PenTool,Metal,Red,Smooth,63,6.85,Moderate
S0928,U020,FillTool,Glass,Yellow,Smooth,47,4.04,Poor
S0929,U069,ShapeTool,Wood,Blue,Matte,57,4.15,Poor
S0930,U000,PenTool,Metal,Blue,Matte,36,7.32,Moderate
S0931,U004,Eraser,Metal,Blue,Smooth,29,7.12,Moderate
S0932,U011,ShapeTool,Plastic,Blue,Matte,21,9.97,Good
S0933,U089,ShapeTool,Glass,Green,Rough,52,5.21,Poor
S0934,U045,Eraser,Metal,Yellow,Glossy,70,5.55,Poor
S0935,U033,PenTool,Glass,Red,Glossy,40,4.68,Poor
S0936,U048,PenTool,Metal,Yellow,Glossy,70,9.51,Good
S0937,U077,ShapeTool,Wood,Green,Rough,83,8.67,Good
S0938,U089,PenTool,Wood,Blue,Matte,76,8.93,Good
S0939,U044,FillTool,Metal,Green,Matte,44,9.42,Good
S0940,U026,Eraser,Wood,Yellow,Smooth,24,7.15,Moderate
S0941,U072,FillTool,Metal,Red,Matte,25,6.71,Moderate
S0942,U025,PenTool,Wood,Green,Smooth,22,5.98,Poor
S0943,U046,ShapeTool,Plastic,Red,Rough,44,7.54,Moderate
S0944,U085,Eraser,Plastic,Green,Glossy,84,6.73,Moderate
S0945,U055,PenTool,Plastic,Red,Glossy,68,6.71,Moderate
S0946,U093,PenTool,Glass,Red,Glossy,30,9.62,Good
S0947,U062,ShapeTool,Glass,Blue,Matte,63,9.9,Good
S0948,U047,ShapeTool,Plastic,Red,Smooth,84,8.78,Good
S0949,U060,FillTool,Glass,Blue,Smooth,39,8.54,Good
S0950,U080,Eraser,Wood,Yellow,Rough,57,8.08,Good
S0951,U025,Eraser,Metal,Yellow,Matte,44,5.0,Poor
S0952,U035,ShapeTool,Metal,Blue,Rough,47,4.35,Poor
S0953,U000,FillTool,Metal,Blue,Smooth,40,8.14,Good
S0954,U007,Eraser,Plastic,Green,Smooth,87,8.37,Good
S0955,U098,ShapeTool,Glass,Green,Glossy,33,4.28,Poor
S0956,U051,PenTool,Wood,Green,Matte,58,9.57,Good
S0957,U078,Eraser,Wood,Yellow,Smooth,41,4.55,Poor
S0958,U046,FillTool,Plastic,Green,Glossy,64,5.72,Poor
S0959,U055,FillTool,Wood,Red,Matte,88,8.03,Good
S0960,U085,FillTool,Wood,Red,Rough,67,5.02,Poor
S0961,U013,PenTool,Wood,Green,Matte,12,4.33,Poor
S0962,U089,Eraser,Wood,Red,Matte,89,5.99,Poor
S0963,U027,Eraser,Glass,Yellow,Smooth,78,8.6,Good
S0964,U086,PenTool,Wood,Red,Smooth,19,6.48,Moderate
S0965,U077,Eraser,Metal,Yellow,Matte,34,7.92,Moderate
S0966,U087,PenTool,Plastic,Blue,Smooth,77,7.48,Moderate
S0967,U001,PenTool,Glass,Blue,Smooth,70,4.13,Poor
S0968,U025,PenTool,Wood,Blue,Smooth,38,9.93,Good
S0969,U013,FillTool,Glass,Blue,Glossy,28,4.25,Poor
S0970,U058,Eraser,Wood,Red,Glossy,52,9.81,Good
S0971,U055,PenTool,Metal,Green,Matte,75,7.3,Moderate
S0972,U006,Eraser,Plastic,Red,Smooth,83,9.78,Good
S0973,U002,FillTool,Wood,Yellow,Glossy,70,4.69,Poor
S0974,U022,PenTool,Wood,Red,Matte,52,6.94,Moderate
S0975,U017,ShapeTool,Wood,Red,Smooth,34,5.02,Poor
S0976,U037,FillTool,Wood,Yellow,Rough,29,4.31,Poor
S0977,U098,ShapeTool,Plastic,Blue,Smooth,57,7.71,Moderate
S0978,U014,Eraser,Plastic,Blue,Smooth,33,5.25,Poor
S0979,U063,Eraser,Metal,Blue,Glossy,20,7.53,Moderate
S0980,U088,FillTool,Plastic,Green,Matte,64,4.67,Poor
S0981,U027,Eraser,Wood,Yellow,Matte,37,5.99,Poor
S0982,U073,ShapeTool,Metal,Yellow,Glossy,78,8.69,Good
S0983,U038,PenTool,Metal,Red,Smooth,72,6.62,Moderate
S0984,U056,PenTool,Metal,Green,Rough,68,7.77,Moderate
S0985,U016,PenTool,Wood,Blue,Smooth,14,7.88,Moderate
S0986,U085,FillTool,Glass,Green,Smooth,60,9.06,Good
S0987,U089,Eraser,Wood,Yellow,Rough,30,5.95,Poor
S0988,U043,ShapeTool,Plastic,Yellow,Glossy,21,8.12,Good
S0989,U024,Eraser,Plastic,Red,Matte,59,9.77,Good
S0990,U016,Eraser,Wood,Red,Glossy,13,8.38,Good
S0991,U012,Eraser,Wood,Yellow,Glossy,51,6.94,Moderate
S0992,U083,PenTool,Metal,Blue,Smooth,47,7.78,Moderate
S0993,U024,ShapeTool,Wood,Blue,Matte,34,8.44,Good
S0994,U067,ShapeTool,Metal,Green,Matte,23,7.67,Moderate
S0995,U009,Eraser,Plastic,Yellow,Glossy,84,4.1,Poor
S0996,U066,PenTool,Metal,Yellow,Rough,41,5.17,Poor
S0997,U017,PenTool,Wood,Blue,Glossy,20,8.86,Good
S0998,U099,ShapeTool,Plastic,Blue,Rough,70,5.64,Poor
S0999,U085,PenTool,Glass,Yellow,Matte,27,8.39,Good
